{
  "performance": 
  {
    "timing": 
    {
      "images": 72.95911693573,
      "initialization": 0.40394401550293,
      "total": 96.1672871112823,
      "solution": 22.7874009609222,
      "analysis": 0.0160119533538818
    },
    "success_flags": 
    {
      "solution": 1,
      "analysis": 1
    },
    "runtime": 96.1672871112823,
    "success": 1,
    "exit_status": "fusion_power"
  },
  "outputs": 
  {
    "scalars": 
    {
      "BWx": 0.0589304541331639,
      "tMAXpressure": 1.89664721722855,
      "BT": 1.89668245212101,
      "tMAXt": 1.88915923121634,
      "BWn": 0.03691551927523,
      "MAXpressure": 647817.122622967,
      "BAt": 4.66878379747342,
      "Yn": 5.73880208197888e+15,
      "Ye": 12.9643690388372,
      "Yx": 13.0729885815946,
      "tMAXte": 1.88915923121634,
      "BAtion": 4.66878379747342,
      "iBT": 64,
      "MAXte": 5.08784468550675,
      "BAte": 4.66878379747342,
      "tMAXtion": 1.88915923121634,
      "BTx": 1.86461074560845,
      "MAXt": 5.08784468550675,
      "BTn": 1.89668245212101,
      "BApressure": 523754.131359304,
      "MAXtion": 5.08784468550675,
      "tMINradius": 1.88917907561909,
      "MINradius": 22.83772819554
    },
    "timeseries": 
    {
      "fusion_power": 
      {
        "value_shape": 61,
        "value": [7.36967389262595e-08, 9.46026754455496e-08, 1.28006379098687e-07, 1.61410082751825e-07, 1.94813786404962e-07, 2.72458546482838e-07, 3.56513773294317e-07, 4.40569000105796e-07, 5.93720192704207e-07, 8.07298217664565e-07, 1.02087624262491e-06, 1.35022137388173e-06, 1.88612648274788e-06, 2.42203159161403e-06, 3.23522009308774e-06, 4.58294661784857e-06, 5.93067314260947e-06, 8.23288276001342e-06, 1.1602264834015e-05, 1.49716469080166e-05, 2.20864468745579e-05, 3.04983668404941e-05, 4.07351136015042e-05, 6.16683457239015e-05, 8.26015778462998e-05, 0.0001244760239025, 0.000176493690859962, 0.000253009501809861, 0.000381681071393601, 0.000524932324924493, 0.000843566866984276, 0.00116220140904404, 0.00191537641135951, 0.00269690740446742, 0.0045087484745736, 0.00643579910170484, 0.0109728069544603, 0.0162690069370248, 0.0276754989100588, 0.0440242752180117, 0.0710846949474159, 0.121387836106977, 0.186285575979288, 0.334224759808584, 0.565424196934712, 0.909793534651274, 1.6326250268562, 2.80638889033948, 4.57793852762163, 7.93011180227853, 13.6701766122962, 22.6561972907043, 36.2323073516107, 57.4234225089751, 90.3571060094898, 135.196268812384, 191.792909829964, 256.98167143958, 323.219038921722, 377.647446816526, 396.531282477046],
        "time": [1.59668245212101, 1.60168245212101, 1.60668245212101, 1.61168245212101, 1.61668245212101, 1.62168245212101, 1.62668245212101, 1.63168245212101, 1.63668245212101, 1.64168245212101, 1.64668245212101, 1.65168245212101, 1.65668245212101, 1.66168245212101, 1.66668245212101, 1.67168245212101, 1.67668245212101, 1.68168245212101, 1.68668245212101, 1.69168245212101, 1.69668245212101, 1.70168245212101, 1.70668245212101, 1.71168245212101, 1.71668245212101, 1.72168245212101, 1.72668245212101, 1.73168245212101, 1.73668245212101, 1.74168245212101, 1.74668245212101, 1.75168245212101, 1.75668245212101, 1.76168245212101, 1.76668245212101, 1.77168245212101, 1.77668245212101, 1.78168245212101, 1.78668245212101, 1.79168245212101, 1.79668245212101, 1.80168245212101, 1.80668245212101, 1.81168245212101, 1.81668245212101, 1.82168245212101, 1.82668245212101, 1.83168245212101, 1.83668245212101, 1.84168245212101, 1.84668245212101, 1.85168245212101, 1.85668245212101, 1.86168245212101, 1.86668245212101, 1.87168245212101, 1.87668245212101, 1.88168245212101, 1.88668245212101, 1.89168245212101, 1.89668245212101]
      },
      "image_moments_(0.0, 0.0)_12.0KeV": 
      {
        "value_shape": [6, 4],
        "value": [-0.00232469163523343, -0.00217376613816812, -0.00214140591844165, -0.00216378290655655, -1.67712523556351e-19, -1.14603557763507e-18, 6.09863722023096e-20, -3.63377134372095e-19, 1.23538551660315e-05, 1.2955226554213e-05, 1.40645219515858e-05, 1.36776140550368e-05, 1.18584612615602e-19, -2.05151379824992e-18, 9.19030747770916e-19, -8.00446135155314e-19, 1.70168604224565e-05, 1.78049074018155e-05, 1.80841218223188e-05, 1.71780985568303e-05, 9.03784154720338e-19, -9.13101517140136e-19, 2.47841840366608e-18, 9.50370966819325e-19],
        "time": [1.86817092897267, 1.87997670338015, 1.89156012119224, 1.89733542317863]
      },
      "image_moments_(0.0, 0.0)_35.0KeV": 
      {
        "value_shape": [6, 4],
        "value": [-0.00183755160463916, -0.00173766209116549, -0.0017163421850512, -0.00172935448121904, -1.31628920003318e-18, -1.11808349037568e-19, -3.10014058695074e-19, -1.47383732822248e-19, 1.50499644244188e-05, 1.49432406807828e-05, 1.44468409426069e-05, 1.49041085031077e-05, 9.78323054078717e-19, 1.30443073877162e-19, 1.77876918923403e-19, 1.83806149554183e-19, 2.06831309021066e-05, 2.48466293344897e-05, 2.57389181459147e-05, 2.54770575298408e-05, -2.32934060494933e-18, -6.52215369385811e-20, 1.05752063464699e-18, 1.13671821521527e-18],
        "time": [1.86817092897267, 1.87997670338015, 1.89156012119224, 1.89733542317863]
      },
      "image_moments_(0.0, 0.0)_20.0KeV": 
      {
        "value_shape": [6, 4],
        "value": [-0.00212903144628506, -0.00200212843544967, -0.00197425320828791, -0.00199261496088922, -4.16740210049116e-19, -3.76082628580909e-19, -8.91925693458778e-19, -3.150962563786e-19, 1.21950123101598e-05, 1.32869881937053e-05, 1.37427445422338e-05, 1.34235304915271e-05, 2.54956917123544e-19, -6.10710754970351e-19, -1.15619997300212e-18, 0.0, 2.01344611344817e-05, 2.09381491686929e-05, 2.06696999421592e-05, 2.07848315880385e-05, 6.42898006966014e-19, 1.00627514133811e-18, -8.47879980201555e-19, 1.22989183941324e-18],
        "time": [1.86817092897267, 1.87997670338015, 1.89156012119224, 1.89733542317863]
      },
      "image_moments_(90.0, 78.0)_50.0KeV": 
      {
        "value_shape": [6, 4],
        "value": [-0.001633454819021, -0.00154908460814546, -0.00153160243826205, -0.00154174962283639, -3.20178454062126e-19, -1.9312351197398e-19, -5.10760867194343e-19, -4.06575814682064e-19, 1.69427466649667e-05, 1.72579588552306e-05, 1.688927103051e-05, 1.71000409184439e-05, -5.9292306307801e-21, 3.61683068477586e-19, -3.91329221631487e-19, -1.00796920723262e-19, 2.41366649549495e-05, 2.64410157039161e-05, 2.91187632996907e-05, 2.74192973844953e-05, 1.57463424894574e-18, 1.28579601393203e-18, 8.38562617781757e-20, 5.03137570669054e-19],
        "time": [1.86817092897267, 1.87997670338015, 1.89156012119224, 1.89733542317863]
      },
      "image_moments_(90.0, 78.0)_12.0KeV": 
      {
        "value_shape": [6, 4],
        "value": [-0.00232469163523343, -0.00217376613816812, -0.00214140591844165, -0.00216378290655655, -1.67712523556351e-19, -1.14603557763507e-18, 6.09863722023096e-20, -3.63377134372095e-19, 1.23538551660315e-05, 1.2955226554213e-05, 1.40645219515858e-05, 1.36776140550368e-05, 1.18584612615602e-19, -2.05151379824992e-18, 9.19030747770916e-19, -8.00446135155314e-19, 1.70168604224565e-05, 1.78049074018155e-05, 1.80841218223188e-05, 1.71780985568303e-05, 9.03784154720338e-19, -9.13101517140136e-19, 2.47841840366608e-18, 9.50370966819325e-19],
        "time": [1.86817092897267, 1.87997670338015, 1.89156012119224, 1.89733542317863]
      },
      "image_moments_(90.0, 78.0)_35.0KeV": 
      {
        "value_shape": [6, 4],
        "value": [-0.00183755160463916, -0.00173766209116549, -0.0017163421850512, -0.00172935448121904, -1.31628920003318e-18, -1.11808349037568e-19, -3.10014058695074e-19, -1.47383732822248e-19, 1.50499644244188e-05, 1.49432406807828e-05, 1.44468409426069e-05, 1.49041085031077e-05, 9.78323054078717e-19, 1.30443073877162e-19, 1.77876918923403e-19, 1.83806149554183e-19, 2.06831309021066e-05, 2.48466293344897e-05, 2.57389181459147e-05, 2.54770575298408e-05, -2.32934060494933e-18, -6.52215369385811e-20, 1.05752063464699e-18, 1.13671821521527e-18],